{
  "fileName": "Confirm the calibration.pdf",
  "filePath": "/Users/neo/Developer/HGG/experiments/RRA_V2/data/pdf/Confirm the calibration.pdf",
  "convertedAt": "2025-06-08T10:09:41.077Z",
  "totalPages": 4,
  "imagesGenerated": 4,
  "processingTime": 851,
  "imageFiles": [
    "/Users/neo/Developer/HGG/experiments/RRA_V2/data/processed-pdfs-images/Confirm the calibration/images/page-001.png",
    "/Users/neo/Developer/HGG/experiments/RRA_V2/data/processed-pdfs-images/Confirm the calibration/images/page-002.png",
    "/Users/neo/Developer/HGG/experiments/RRA_V2/data/processed-pdfs-images/Confirm the calibration/images/page-003.png",
    "/Users/neo/Developer/HGG/experiments/RRA_V2/data/processed-pdfs-images/Confirm the calibration/images/page-004.png"
  ],
  "outputPaths": {
    "imagesDir": "/Users/neo/Developer/HGG/experiments/RRA_V2/data/processed-pdfs-images/Confirm the calibration/images",
    "documentOutputDir": "/Users/neo/Developer/HGG/experiments/RRA_V2/data/processed-pdfs-images/Confirm the calibration"
  },
  "conversionSettings": {
    "outputFormat": "png",
    "outputFolder": "/Users/neo/Developer/HGG/experiments/RRA_V2/data/processed-pdfs-images/Confirm the calibration/images",
    "pagesToProcess": -1
  },
  "imageDetails": [
    {
      "pageNumber": 1,
      "fileName": "page-001.png",
      "filePath": "/Users/neo/Developer/HGG/experiments/RRA_V2/data/processed-pdfs-images/Confirm the calibration/images/page-001.png",
      "relativePath": "data/processed-pdfs-images/Confirm the calibration/images/page-001.png"
    },
    {
      "pageNumber": 2,
      "fileName": "page-002.png",
      "filePath": "/Users/neo/Developer/HGG/experiments/RRA_V2/data/processed-pdfs-images/Confirm the calibration/images/page-002.png",
      "relativePath": "data/processed-pdfs-images/Confirm the calibration/images/page-002.png"
    },
    {
      "pageNumber": 3,
      "fileName": "page-003.png",
      "filePath": "/Users/neo/Developer/HGG/experiments/RRA_V2/data/processed-pdfs-images/Confirm the calibration/images/page-003.png",
      "relativePath": "data/processed-pdfs-images/Confirm the calibration/images/page-003.png"
    },
    {
      "pageNumber": 4,
      "fileName": "page-004.png",
      "filePath": "/Users/neo/Developer/HGG/experiments/RRA_V2/data/processed-pdfs-images/Confirm the calibration/images/page-004.png",
      "relativePath": "data/processed-pdfs-images/Confirm the calibration/images/page-004.png"
    }
  ]
}