{
  "generatedAt": "2025-06-08T10:09:48.878Z",
  "converter": "pdf-to-png-converter",
  "summary": {
    "totalFiles": 7,
    "successfulFiles": 7,
    "failedFiles": 0,
    "totalPages": 103,
    "totalImages": 103,
    "totalProcessingTime": 8654,
    "results": [
      {
        "fileName": "Confirm the calibration.pdf",
        "success": true,
        "totalPages": 4,
        "imagesGenerated": 4,
        "processingTime": 851,
        "outputDir": "/Users/neo/Developer/HGG/experiments/RRA_V2/data/processed-pdfs-images/Confirm the calibration",
        "imageFiles": [
          "/Users/neo/Developer/HGG/experiments/RRA_V2/data/processed-pdfs-images/Confirm the calibration/images/page-001.png",
          "/Users/neo/Developer/HGG/experiments/RRA_V2/data/processed-pdfs-images/Confirm the calibration/images/page-002.png",
          "/Users/neo/Developer/HGG/experiments/RRA_V2/data/processed-pdfs-images/Confirm the calibration/images/page-003.png",
          "/Users/neo/Developer/HGG/experiments/RRA_V2/data/processed-pdfs-images/Confirm the calibration/images/page-004.png"
        ]
      },
      {
        "fileName": "FAQ Data collection.pdf",
        "success": true,
        "totalPages": 2,
        "imagesGenerated": 2,
        "processingTime": 168,
        "outputDir": "/Users/neo/Developer/HGG/experiments/RRA_V2/data/processed-pdfs-images/FAQ Data collection",
        "imageFiles": [
          "/Users/neo/Developer/HGG/experiments/RRA_V2/data/processed-pdfs-images/FAQ Data collection/images/page-001.png",
          "/Users/neo/Developer/HGG/experiments/RRA_V2/data/processed-pdfs-images/FAQ Data collection/images/page-002.png"
        ]
      },
      {
        "fileName": "FAQ No communication to PMAC.pdf",
        "success": true,
        "totalPages": 5,
        "imagesGenerated": 5,
        "processingTime": 374,
        "outputDir": "/Users/neo/Developer/HGG/experiments/RRA_V2/data/processed-pdfs-images/FAQ No communication to PMAC",
        "imageFiles": [
          "/Users/neo/Developer/HGG/experiments/RRA_V2/data/processed-pdfs-images/FAQ No communication to PMAC/images/page-001.png",
          "/Users/neo/Developer/HGG/experiments/RRA_V2/data/processed-pdfs-images/FAQ No communication to PMAC/images/page-002.png",
          "/Users/neo/Developer/HGG/experiments/RRA_V2/data/processed-pdfs-images/FAQ No communication to PMAC/images/page-003.png",
          "/Users/neo/Developer/HGG/experiments/RRA_V2/data/processed-pdfs-images/FAQ No communication to PMAC/images/page-004.png",
          "/Users/neo/Developer/HGG/experiments/RRA_V2/data/processed-pdfs-images/FAQ No communication to PMAC/images/page-005.png"
        ]
      },
      {
        "fileName": "FAQ_RoboRail_Calibration_v0.0_290324.pdf",
        "success": true,
        "totalPages": 18,
        "imagesGenerated": 18,
        "processingTime": 1247,
        "outputDir": "/Users/neo/Developer/HGG/experiments/RRA_V2/data/processed-pdfs-images/FAQ_RoboRail_Calibration_v0.0_290324",
        "imageFiles": [
          "/Users/neo/Developer/HGG/experiments/RRA_V2/data/processed-pdfs-images/FAQ_RoboRail_Calibration_v0.0_290324/images/page-001.png",
          "/Users/neo/Developer/HGG/experiments/RRA_V2/data/processed-pdfs-images/FAQ_RoboRail_Calibration_v0.0_290324/images/page-002.png",
          "/Users/neo/Developer/HGG/experiments/RRA_V2/data/processed-pdfs-images/FAQ_RoboRail_Calibration_v0.0_290324/images/page-003.png",
          "/Users/neo/Developer/HGG/experiments/RRA_V2/data/processed-pdfs-images/FAQ_RoboRail_Calibration_v0.0_290324/images/page-004.png",
          "/Users/neo/Developer/HGG/experiments/RRA_V2/data/processed-pdfs-images/FAQ_RoboRail_Calibration_v0.0_290324/images/page-005.png",
          "/Users/neo/Developer/HGG/experiments/RRA_V2/data/processed-pdfs-images/FAQ_RoboRail_Calibration_v0.0_290324/images/page-006.png",
          "/Users/neo/Developer/HGG/experiments/RRA_V2/data/processed-pdfs-images/FAQ_RoboRail_Calibration_v0.0_290324/images/page-007.png",
          "/Users/neo/Developer/HGG/experiments/RRA_V2/data/processed-pdfs-images/FAQ_RoboRail_Calibration_v0.0_290324/images/page-008.png",
          "/Users/neo/Developer/HGG/experiments/RRA_V2/data/processed-pdfs-images/FAQ_RoboRail_Calibration_v0.0_290324/images/page-009.png",
          "/Users/neo/Developer/HGG/experiments/RRA_V2/data/processed-pdfs-images/FAQ_RoboRail_Calibration_v0.0_290324/images/page-010.png",
          "/Users/neo/Developer/HGG/experiments/RRA_V2/data/processed-pdfs-images/FAQ_RoboRail_Calibration_v0.0_290324/images/page-011.png",
          "/Users/neo/Developer/HGG/experiments/RRA_V2/data/processed-pdfs-images/FAQ_RoboRail_Calibration_v0.0_290324/images/page-012.png",
          "/Users/neo/Developer/HGG/experiments/RRA_V2/data/processed-pdfs-images/FAQ_RoboRail_Calibration_v0.0_290324/images/page-013.png",
          "/Users/neo/Developer/HGG/experiments/RRA_V2/data/processed-pdfs-images/FAQ_RoboRail_Calibration_v0.0_290324/images/page-014.png",
          "/Users/neo/Developer/HGG/experiments/RRA_V2/data/processed-pdfs-images/FAQ_RoboRail_Calibration_v0.0_290324/images/page-015.png",
          "/Users/neo/Developer/HGG/experiments/RRA_V2/data/processed-pdfs-images/FAQ_RoboRail_Calibration_v0.0_290324/images/page-016.png",
          "/Users/neo/Developer/HGG/experiments/RRA_V2/data/processed-pdfs-images/FAQ_RoboRail_Calibration_v0.0_290324/images/page-017.png",
          "/Users/neo/Developer/HGG/experiments/RRA_V2/data/processed-pdfs-images/FAQ_RoboRail_Calibration_v0.0_290324/images/page-018.png"
        ]
      },
      {
        "fileName": "FAQ_RoboRail_Chuck_alignment_calibration_v0.0_080424.pdf",
        "success": true,
        "totalPages": 2,
        "imagesGenerated": 2,
        "processingTime": 235,
        "outputDir": "/Users/neo/Developer/HGG/experiments/RRA_V2/data/processed-pdfs-images/FAQ_RoboRail_Chuck_alignment_calibration_v0.0_080424",
        "imageFiles": [
          "/Users/neo/Developer/HGG/experiments/RRA_V2/data/processed-pdfs-images/FAQ_RoboRail_Chuck_alignment_calibration_v0.0_080424/images/page-001.png",
          "/Users/neo/Developer/HGG/experiments/RRA_V2/data/processed-pdfs-images/FAQ_RoboRail_Chuck_alignment_calibration_v0.0_080424/images/page-002.png"
        ]
      },
      {
        "fileName": "FAQ_RoboRail_measurement_v0.0_020524.pdf",
        "success": true,
        "totalPages": 10,
        "imagesGenerated": 10,
        "processingTime": 514,
        "outputDir": "/Users/neo/Developer/HGG/experiments/RRA_V2/data/processed-pdfs-images/FAQ_RoboRail_measurement_v0.0_020524",
        "imageFiles": [
          "/Users/neo/Developer/HGG/experiments/RRA_V2/data/processed-pdfs-images/FAQ_RoboRail_measurement_v0.0_020524/images/page-001.png",
          "/Users/neo/Developer/HGG/experiments/RRA_V2/data/processed-pdfs-images/FAQ_RoboRail_measurement_v0.0_020524/images/page-002.png",
          "/Users/neo/Developer/HGG/experiments/RRA_V2/data/processed-pdfs-images/FAQ_RoboRail_measurement_v0.0_020524/images/page-003.png",
          "/Users/neo/Developer/HGG/experiments/RRA_V2/data/processed-pdfs-images/FAQ_RoboRail_measurement_v0.0_020524/images/page-004.png",
          "/Users/neo/Developer/HGG/experiments/RRA_V2/data/processed-pdfs-images/FAQ_RoboRail_measurement_v0.0_020524/images/page-005.png",
          "/Users/neo/Developer/HGG/experiments/RRA_V2/data/processed-pdfs-images/FAQ_RoboRail_measurement_v0.0_020524/images/page-006.png",
          "/Users/neo/Developer/HGG/experiments/RRA_V2/data/processed-pdfs-images/FAQ_RoboRail_measurement_v0.0_020524/images/page-007.png",
          "/Users/neo/Developer/HGG/experiments/RRA_V2/data/processed-pdfs-images/FAQ_RoboRail_measurement_v0.0_020524/images/page-008.png",
          "/Users/neo/Developer/HGG/experiments/RRA_V2/data/processed-pdfs-images/FAQ_RoboRail_measurement_v0.0_020524/images/page-009.png",
          "/Users/neo/Developer/HGG/experiments/RRA_V2/data/processed-pdfs-images/FAQ_RoboRail_measurement_v0.0_020524/images/page-010.png"
        ]
      },
      {
        "fileName": "Operators manual_RoboRail V2.2_170424.pdf",
        "success": true,
        "totalPages": 62,
        "imagesGenerated": 62,
        "processingTime": 5251,
        "outputDir": "/Users/neo/Developer/HGG/experiments/RRA_V2/data/processed-pdfs-images/Operators manual_RoboRail V2.2_170424",
        "imageFiles": [
          "/Users/neo/Developer/HGG/experiments/RRA_V2/data/processed-pdfs-images/Operators manual_RoboRail V2.2_170424/images/page-001.png",
          "/Users/neo/Developer/HGG/experiments/RRA_V2/data/processed-pdfs-images/Operators manual_RoboRail V2.2_170424/images/page-002.png",
          "/Users/neo/Developer/HGG/experiments/RRA_V2/data/processed-pdfs-images/Operators manual_RoboRail V2.2_170424/images/page-003.png",
          "/Users/neo/Developer/HGG/experiments/RRA_V2/data/processed-pdfs-images/Operators manual_RoboRail V2.2_170424/images/page-004.png",
          "/Users/neo/Developer/HGG/experiments/RRA_V2/data/processed-pdfs-images/Operators manual_RoboRail V2.2_170424/images/page-005.png",
          "/Users/neo/Developer/HGG/experiments/RRA_V2/data/processed-pdfs-images/Operators manual_RoboRail V2.2_170424/images/page-006.png",
          "/Users/neo/Developer/HGG/experiments/RRA_V2/data/processed-pdfs-images/Operators manual_RoboRail V2.2_170424/images/page-007.png",
          "/Users/neo/Developer/HGG/experiments/RRA_V2/data/processed-pdfs-images/Operators manual_RoboRail V2.2_170424/images/page-008.png",
          "/Users/neo/Developer/HGG/experiments/RRA_V2/data/processed-pdfs-images/Operators manual_RoboRail V2.2_170424/images/page-009.png",
          "/Users/neo/Developer/HGG/experiments/RRA_V2/data/processed-pdfs-images/Operators manual_RoboRail V2.2_170424/images/page-010.png",
          "/Users/neo/Developer/HGG/experiments/RRA_V2/data/processed-pdfs-images/Operators manual_RoboRail V2.2_170424/images/page-011.png",
          "/Users/neo/Developer/HGG/experiments/RRA_V2/data/processed-pdfs-images/Operators manual_RoboRail V2.2_170424/images/page-012.png",
          "/Users/neo/Developer/HGG/experiments/RRA_V2/data/processed-pdfs-images/Operators manual_RoboRail V2.2_170424/images/page-013.png",
          "/Users/neo/Developer/HGG/experiments/RRA_V2/data/processed-pdfs-images/Operators manual_RoboRail V2.2_170424/images/page-014.png",
          "/Users/neo/Developer/HGG/experiments/RRA_V2/data/processed-pdfs-images/Operators manual_RoboRail V2.2_170424/images/page-015.png",
          "/Users/neo/Developer/HGG/experiments/RRA_V2/data/processed-pdfs-images/Operators manual_RoboRail V2.2_170424/images/page-016.png",
          "/Users/neo/Developer/HGG/experiments/RRA_V2/data/processed-pdfs-images/Operators manual_RoboRail V2.2_170424/images/page-017.png",
          "/Users/neo/Developer/HGG/experiments/RRA_V2/data/processed-pdfs-images/Operators manual_RoboRail V2.2_170424/images/page-018.png",
          "/Users/neo/Developer/HGG/experiments/RRA_V2/data/processed-pdfs-images/Operators manual_RoboRail V2.2_170424/images/page-019.png",
          "/Users/neo/Developer/HGG/experiments/RRA_V2/data/processed-pdfs-images/Operators manual_RoboRail V2.2_170424/images/page-020.png",
          "/Users/neo/Developer/HGG/experiments/RRA_V2/data/processed-pdfs-images/Operators manual_RoboRail V2.2_170424/images/page-021.png",
          "/Users/neo/Developer/HGG/experiments/RRA_V2/data/processed-pdfs-images/Operators manual_RoboRail V2.2_170424/images/page-022.png",
          "/Users/neo/Developer/HGG/experiments/RRA_V2/data/processed-pdfs-images/Operators manual_RoboRail V2.2_170424/images/page-023.png",
          "/Users/neo/Developer/HGG/experiments/RRA_V2/data/processed-pdfs-images/Operators manual_RoboRail V2.2_170424/images/page-024.png",
          "/Users/neo/Developer/HGG/experiments/RRA_V2/data/processed-pdfs-images/Operators manual_RoboRail V2.2_170424/images/page-025.png",
          "/Users/neo/Developer/HGG/experiments/RRA_V2/data/processed-pdfs-images/Operators manual_RoboRail V2.2_170424/images/page-026.png",
          "/Users/neo/Developer/HGG/experiments/RRA_V2/data/processed-pdfs-images/Operators manual_RoboRail V2.2_170424/images/page-027.png",
          "/Users/neo/Developer/HGG/experiments/RRA_V2/data/processed-pdfs-images/Operators manual_RoboRail V2.2_170424/images/page-028.png",
          "/Users/neo/Developer/HGG/experiments/RRA_V2/data/processed-pdfs-images/Operators manual_RoboRail V2.2_170424/images/page-029.png",
          "/Users/neo/Developer/HGG/experiments/RRA_V2/data/processed-pdfs-images/Operators manual_RoboRail V2.2_170424/images/page-030.png",
          "/Users/neo/Developer/HGG/experiments/RRA_V2/data/processed-pdfs-images/Operators manual_RoboRail V2.2_170424/images/page-031.png",
          "/Users/neo/Developer/HGG/experiments/RRA_V2/data/processed-pdfs-images/Operators manual_RoboRail V2.2_170424/images/page-032.png",
          "/Users/neo/Developer/HGG/experiments/RRA_V2/data/processed-pdfs-images/Operators manual_RoboRail V2.2_170424/images/page-033.png",
          "/Users/neo/Developer/HGG/experiments/RRA_V2/data/processed-pdfs-images/Operators manual_RoboRail V2.2_170424/images/page-034.png",
          "/Users/neo/Developer/HGG/experiments/RRA_V2/data/processed-pdfs-images/Operators manual_RoboRail V2.2_170424/images/page-035.png",
          "/Users/neo/Developer/HGG/experiments/RRA_V2/data/processed-pdfs-images/Operators manual_RoboRail V2.2_170424/images/page-036.png",
          "/Users/neo/Developer/HGG/experiments/RRA_V2/data/processed-pdfs-images/Operators manual_RoboRail V2.2_170424/images/page-037.png",
          "/Users/neo/Developer/HGG/experiments/RRA_V2/data/processed-pdfs-images/Operators manual_RoboRail V2.2_170424/images/page-038.png",
          "/Users/neo/Developer/HGG/experiments/RRA_V2/data/processed-pdfs-images/Operators manual_RoboRail V2.2_170424/images/page-039.png",
          "/Users/neo/Developer/HGG/experiments/RRA_V2/data/processed-pdfs-images/Operators manual_RoboRail V2.2_170424/images/page-040.png",
          "/Users/neo/Developer/HGG/experiments/RRA_V2/data/processed-pdfs-images/Operators manual_RoboRail V2.2_170424/images/page-041.png",
          "/Users/neo/Developer/HGG/experiments/RRA_V2/data/processed-pdfs-images/Operators manual_RoboRail V2.2_170424/images/page-042.png",
          "/Users/neo/Developer/HGG/experiments/RRA_V2/data/processed-pdfs-images/Operators manual_RoboRail V2.2_170424/images/page-043.png",
          "/Users/neo/Developer/HGG/experiments/RRA_V2/data/processed-pdfs-images/Operators manual_RoboRail V2.2_170424/images/page-044.png",
          "/Users/neo/Developer/HGG/experiments/RRA_V2/data/processed-pdfs-images/Operators manual_RoboRail V2.2_170424/images/page-045.png",
          "/Users/neo/Developer/HGG/experiments/RRA_V2/data/processed-pdfs-images/Operators manual_RoboRail V2.2_170424/images/page-046.png",
          "/Users/neo/Developer/HGG/experiments/RRA_V2/data/processed-pdfs-images/Operators manual_RoboRail V2.2_170424/images/page-047.png",
          "/Users/neo/Developer/HGG/experiments/RRA_V2/data/processed-pdfs-images/Operators manual_RoboRail V2.2_170424/images/page-048.png",
          "/Users/neo/Developer/HGG/experiments/RRA_V2/data/processed-pdfs-images/Operators manual_RoboRail V2.2_170424/images/page-049.png",
          "/Users/neo/Developer/HGG/experiments/RRA_V2/data/processed-pdfs-images/Operators manual_RoboRail V2.2_170424/images/page-050.png",
          "/Users/neo/Developer/HGG/experiments/RRA_V2/data/processed-pdfs-images/Operators manual_RoboRail V2.2_170424/images/page-051.png",
          "/Users/neo/Developer/HGG/experiments/RRA_V2/data/processed-pdfs-images/Operators manual_RoboRail V2.2_170424/images/page-052.png",
          "/Users/neo/Developer/HGG/experiments/RRA_V2/data/processed-pdfs-images/Operators manual_RoboRail V2.2_170424/images/page-053.png",
          "/Users/neo/Developer/HGG/experiments/RRA_V2/data/processed-pdfs-images/Operators manual_RoboRail V2.2_170424/images/page-054.png",
          "/Users/neo/Developer/HGG/experiments/RRA_V2/data/processed-pdfs-images/Operators manual_RoboRail V2.2_170424/images/page-055.png",
          "/Users/neo/Developer/HGG/experiments/RRA_V2/data/processed-pdfs-images/Operators manual_RoboRail V2.2_170424/images/page-056.png",
          "/Users/neo/Developer/HGG/experiments/RRA_V2/data/processed-pdfs-images/Operators manual_RoboRail V2.2_170424/images/page-057.png",
          "/Users/neo/Developer/HGG/experiments/RRA_V2/data/processed-pdfs-images/Operators manual_RoboRail V2.2_170424/images/page-058.png",
          "/Users/neo/Developer/HGG/experiments/RRA_V2/data/processed-pdfs-images/Operators manual_RoboRail V2.2_170424/images/page-059.png",
          "/Users/neo/Developer/HGG/experiments/RRA_V2/data/processed-pdfs-images/Operators manual_RoboRail V2.2_170424/images/page-060.png",
          "/Users/neo/Developer/HGG/experiments/RRA_V2/data/processed-pdfs-images/Operators manual_RoboRail V2.2_170424/images/page-061.png",
          "/Users/neo/Developer/HGG/experiments/RRA_V2/data/processed-pdfs-images/Operators manual_RoboRail V2.2_170424/images/page-062.png"
        ]
      }
    ]
  },
  "systemInfo": {
    "nodeVersion": "v24.1.0",
    "platform": "darwin",
    "memoryUsage": {
      "rss": 592396288,
      "heapTotal": 276856832,
      "heapUsed": 137946752,
      "external": 55640498,
      "arrayBuffers": 45240036
    }
  },
  "successfulConversions": [
    {
      "fileName": "Confirm the calibration.pdf",
      "totalPages": 4,
      "imagesGenerated": 4,
      "outputDir": "data/processed-pdfs-images/Confirm the calibration",
      "processingTime": 851
    },
    {
      "fileName": "FAQ Data collection.pdf",
      "totalPages": 2,
      "imagesGenerated": 2,
      "outputDir": "data/processed-pdfs-images/FAQ Data collection",
      "processingTime": 168
    },
    {
      "fileName": "FAQ No communication to PMAC.pdf",
      "totalPages": 5,
      "imagesGenerated": 5,
      "outputDir": "data/processed-pdfs-images/FAQ No communication to PMAC",
      "processingTime": 374
    },
    {
      "fileName": "FAQ_RoboRail_Calibration_v0.0_290324.pdf",
      "totalPages": 18,
      "imagesGenerated": 18,
      "outputDir": "data/processed-pdfs-images/FAQ_RoboRail_Calibration_v0.0_290324",
      "processingTime": 1247
    },
    {
      "fileName": "FAQ_RoboRail_Chuck_alignment_calibration_v0.0_080424.pdf",
      "totalPages": 2,
      "imagesGenerated": 2,
      "outputDir": "data/processed-pdfs-images/FAQ_RoboRail_Chuck_alignment_calibration_v0.0_080424",
      "processingTime": 235
    },
    {
      "fileName": "FAQ_RoboRail_measurement_v0.0_020524.pdf",
      "totalPages": 10,
      "imagesGenerated": 10,
      "outputDir": "data/processed-pdfs-images/FAQ_RoboRail_measurement_v0.0_020524",
      "processingTime": 514
    },
    {
      "fileName": "Operators manual_RoboRail V2.2_170424.pdf",
      "totalPages": 62,
      "imagesGenerated": 62,
      "outputDir": "data/processed-pdfs-images/Operators manual_RoboRail V2.2_170424",
      "processingTime": 5251
    }
  ]
}