{
  "fileName": "FAQ_RoboRail_measurement_v0.0_020524.pdf",
  "filePath": "/Users/neo/Developer/HGG/experiments/RRA_V2/data/pdf/FAQ_RoboRail_measurement_v0.0_020524.pdf",
  "convertedAt": "2025-06-08T10:09:43.624Z",
  "totalPages": 10,
  "imagesGenerated": 10,
  "processingTime": 514,
  "imageFiles": [
    "/Users/neo/Developer/HGG/experiments/RRA_V2/data/processed-pdfs-images/FAQ_RoboRail_measurement_v0.0_020524/images/page-001.png",
    "/Users/neo/Developer/HGG/experiments/RRA_V2/data/processed-pdfs-images/FAQ_RoboRail_measurement_v0.0_020524/images/page-002.png",
    "/Users/neo/Developer/HGG/experiments/RRA_V2/data/processed-pdfs-images/FAQ_RoboRail_measurement_v0.0_020524/images/page-003.png",
    "/Users/neo/Developer/HGG/experiments/RRA_V2/data/processed-pdfs-images/FAQ_RoboRail_measurement_v0.0_020524/images/page-004.png",
    "/Users/neo/Developer/HGG/experiments/RRA_V2/data/processed-pdfs-images/FAQ_RoboRail_measurement_v0.0_020524/images/page-005.png",
    "/Users/neo/Developer/HGG/experiments/RRA_V2/data/processed-pdfs-images/FAQ_RoboRail_measurement_v0.0_020524/images/page-006.png",
    "/Users/neo/Developer/HGG/experiments/RRA_V2/data/processed-pdfs-images/FAQ_RoboRail_measurement_v0.0_020524/images/page-007.png",
    "/Users/neo/Developer/HGG/experiments/RRA_V2/data/processed-pdfs-images/FAQ_RoboRail_measurement_v0.0_020524/images/page-008.png",
    "/Users/neo/Developer/HGG/experiments/RRA_V2/data/processed-pdfs-images/FAQ_RoboRail_measurement_v0.0_020524/images/page-009.png",
    "/Users/neo/Developer/HGG/experiments/RRA_V2/data/processed-pdfs-images/FAQ_RoboRail_measurement_v0.0_020524/images/page-010.png"
  ],
  "outputPaths": {
    "imagesDir": "/Users/neo/Developer/HGG/experiments/RRA_V2/data/processed-pdfs-images/FAQ_RoboRail_measurement_v0.0_020524/images",
    "documentOutputDir": "/Users/neo/Developer/HGG/experiments/RRA_V2/data/processed-pdfs-images/FAQ_RoboRail_measurement_v0.0_020524"
  },
  "conversionSettings": {
    "outputFormat": "png",
    "outputFolder": "/Users/neo/Developer/HGG/experiments/RRA_V2/data/processed-pdfs-images/FAQ_RoboRail_measurement_v0.0_020524/images",
    "pagesToProcess": -1
  },
  "imageDetails": [
    {
      "pageNumber": 1,
      "fileName": "page-001.png",
      "filePath": "/Users/neo/Developer/HGG/experiments/RRA_V2/data/processed-pdfs-images/FAQ_RoboRail_measurement_v0.0_020524/images/page-001.png",
      "relativePath": "data/processed-pdfs-images/FAQ_RoboRail_measurement_v0.0_020524/images/page-001.png"
    },
    {
      "pageNumber": 2,
      "fileName": "page-002.png",
      "filePath": "/Users/neo/Developer/HGG/experiments/RRA_V2/data/processed-pdfs-images/FAQ_RoboRail_measurement_v0.0_020524/images/page-002.png",
      "relativePath": "data/processed-pdfs-images/FAQ_RoboRail_measurement_v0.0_020524/images/page-002.png"
    },
    {
      "pageNumber": 3,
      "fileName": "page-003.png",
      "filePath": "/Users/neo/Developer/HGG/experiments/RRA_V2/data/processed-pdfs-images/FAQ_RoboRail_measurement_v0.0_020524/images/page-003.png",
      "relativePath": "data/processed-pdfs-images/FAQ_RoboRail_measurement_v0.0_020524/images/page-003.png"
    },
    {
      "pageNumber": 4,
      "fileName": "page-004.png",
      "filePath": "/Users/neo/Developer/HGG/experiments/RRA_V2/data/processed-pdfs-images/FAQ_RoboRail_measurement_v0.0_020524/images/page-004.png",
      "relativePath": "data/processed-pdfs-images/FAQ_RoboRail_measurement_v0.0_020524/images/page-004.png"
    },
    {
      "pageNumber": 5,
      "fileName": "page-005.png",
      "filePath": "/Users/neo/Developer/HGG/experiments/RRA_V2/data/processed-pdfs-images/FAQ_RoboRail_measurement_v0.0_020524/images/page-005.png",
      "relativePath": "data/processed-pdfs-images/FAQ_RoboRail_measurement_v0.0_020524/images/page-005.png"
    },
    {
      "pageNumber": 6,
      "fileName": "page-006.png",
      "filePath": "/Users/neo/Developer/HGG/experiments/RRA_V2/data/processed-pdfs-images/FAQ_RoboRail_measurement_v0.0_020524/images/page-006.png",
      "relativePath": "data/processed-pdfs-images/FAQ_RoboRail_measurement_v0.0_020524/images/page-006.png"
    },
    {
      "pageNumber": 7,
      "fileName": "page-007.png",
      "filePath": "/Users/neo/Developer/HGG/experiments/RRA_V2/data/processed-pdfs-images/FAQ_RoboRail_measurement_v0.0_020524/images/page-007.png",
      "relativePath": "data/processed-pdfs-images/FAQ_RoboRail_measurement_v0.0_020524/images/page-007.png"
    },
    {
      "pageNumber": 8,
      "fileName": "page-008.png",
      "filePath": "/Users/neo/Developer/HGG/experiments/RRA_V2/data/processed-pdfs-images/FAQ_RoboRail_measurement_v0.0_020524/images/page-008.png",
      "relativePath": "data/processed-pdfs-images/FAQ_RoboRail_measurement_v0.0_020524/images/page-008.png"
    },
    {
      "pageNumber": 9,
      "fileName": "page-009.png",
      "filePath": "/Users/neo/Developer/HGG/experiments/RRA_V2/data/processed-pdfs-images/FAQ_RoboRail_measurement_v0.0_020524/images/page-009.png",
      "relativePath": "data/processed-pdfs-images/FAQ_RoboRail_measurement_v0.0_020524/images/page-009.png"
    },
    {
      "pageNumber": 10,
      "fileName": "page-010.png",
      "filePath": "/Users/neo/Developer/HGG/experiments/RRA_V2/data/processed-pdfs-images/FAQ_RoboRail_measurement_v0.0_020524/images/page-010.png",
      "relativePath": "data/processed-pdfs-images/FAQ_RoboRail_measurement_v0.0_020524/images/page-010.png"
    }
  ]
}